<?xml version="1.0" encoding="utf-8"?>
<extension type="component" version="3.5" method="upgrade">
	<name>com_aftms</name>
	<author>Florian Denizot</author>
	<creationDate>February 2014</creationDate>
	<copyright>(C) 2016 Alliance Française de Toronto. All rights reserved.	</copyright>
	<license>GNU General Public License version 2 or later</license>
	<authorEmail>florian@alliance-francaise.ca</authorEmail>
	<authorUrl>www.alliance-francaise.ca</authorUrl>
	<version>0.0.3</version>
	<description>COM_AFTMS_XML_DESCRIPTION</description>

  <!-- Runs on install/uninstall/update -->
	<!-- <scriptfile>script.php</scriptfile> -->

   <install>
		<sql>
			<file driver="mysql" charset="utf8">sql/install.mysql.utf8.sql</file>
		</sql>
	</install>
	<uninstall>
		<sql>
			<file driver="mysql" charset="utf8">sql/uninstall.mysql.utf8.sql</file>
		</sql>
	</uninstall>
	<update>
		<schemas>
			<schemapath type="mysql">sql/updates/mysql</schemapath>
		</schemas>
	</update>
  
	<files folder="frontend">
		<filename>aftms.php</filename>
		<filename>controller.php</filename>
    <filename>index.html</filename>
		<filename>metadata.xml</filename>
		<filename>router.php</filename>
		<folder>controllers</folder>
		<folder>helpers</folder>
		<folder>models</folder>
		<folder>views</folder>
	</files>
	<languages folder="frontend">
		<language tag="en-GB">languages/en-GB/en-GB.com_aftms.ini</language>
		<language tag="fr-FR">languages/fr-FR/fr-FR.com_aftms.ini</language>
	</languages>
  
  <media folder="media" destination="com_aftms">
    <filename>index.html</filename>
    <folder>images</folder>
    <folder>js</folder>
    <folder>css</folder>
  </media>
  
	<administration>
    
    <menu link="option=com_aftms">COM_AFTMS_MENU</menu>
    <submenu>
			<menu link="option=com_aftms&amp;view=courses">COM_AFTMS_MENU_COURSES</menu>
			<menu link="option=com_aftms&amp;view=coursegroups">COM_AFTMS_MENU_COURSEGROUPS</menu>
			<menu link="option=com_aftms&amp;view=coursegroups">COM_AFTMS_MENU_COURSEGROUPS</menu>
			<menu link="option=com_categories&amp;extension=com_aftms.coursetypes">COM_AFTMS_MENU_COURSETYPES</menu>
			<menu link="option=com_categories&amp;extension=com_aftms.coursecategories">COM_AFTMS_MENU_COURSECATEGORIES</menu>
			<menu link="option=com_categories&amp;extension=com_aftms.sessions">COM_AFTMS_MENU_SESSIONS</menu>
			<menu link="option=com_categories&amp;extension=com_aftms.levels">COM_AFTMS_MENU_LEVELS</menu>
      <menu link="option=com_aftms&amp;view=campuses">COM_AFTMS_MENU_CAMPUSES</menu>
      <menu link="option=com_aftms&amp;view=classrooms">COM_AFTMS_MENU_CLASSROOMS</menu>
      <menu link="option=com_aftms&amp;view=importcourses">COM_AFTMS_MENU_IMPORT_COURSES</menu>
		</submenu>
		
    <files folder="backend">
			<filename>access.xml</filename>
			<filename>aftms.php</filename>
      <filename>config.xml</filename>
			<filename>controller.php</filename>
      <filename>drad.xml</filename>
			<filename>index.html</filename>
			
			<folder>controllers</folder>
			<folder>helpers</folder>
      <folder>lib</folder>
			<folder>models</folder>
			<folder>sql</folder>
			<folder>tables</folder>
			<folder>views</folder>
		</files>
    
		<languages folder="backend">
			<language tag="en-GB">languages/en-GB/en-GB.com_aftms.ini</language>
			<language tag="en-GB">languages/en-GB/en-GB.com_aftms.sys.ini</language>
      <language tag="fr-FR">languages/fr-FR/fr-FR.com_aftms.ini</language>
			<language tag="fr-FR">languages/fr-FR/fr-FR.com_aftms.sys.ini</language>
		</languages>
    
	</administration>
  
</extension>